{
  "cve-2024-38829": [
    {
      "package_name": "org.springframework.security:spring-security-core",
      "vulnerable_version_range": [
        "2.4.0 - 2.4.3",
        "3.0.0 - 3.0.9",
        "3.1.0 - 3.1.7",
        "3.2.0 - 3.2.7",
        "Older, unsupported versions are also affected"
      ],
      "description": "The usage of String.toLowerCase() and String.toUpperCase() has some Locale dependent exceptions that could potentially result in unintended columns from being queried",
      "mitigation": "Users of affected versions should upgrade to the corresponding fixed version.",
      "references": [
        "https://nvd.nist.gov/vuln-metrics/cvss/v3-calculator?vector=AV:N/AC:H/PR:N/UI:N/S:U/C:L/I:N/A:N&version=3.1"
      ]
    }
  ],
  "cve-2024-38828": [
    {
      "package_name": "org.springframework.security:spring-security-core",
      "vulnerable_version_range": [
        "5.3.0 - 5.3.41",
        "Older, unsupported versions are also affected"
      ],
      "description": "Spring MVC controller methods with an @RequestBody byte[] method parameter are vulnerable to a DoS attack.",
      "mitigation": "Users of affected versions should upgrade to the corresponding fixed version.",
      "references": [
        "https://nvd.nist.gov/vuln-metrics/cvss/v3-calculator?vector=AV:N/AC:L/PR:N/UI:N/S:U/C:N/I:N/A:L"
      ]
    }
  ],
  "cve-2024-38827": [
    {
      "package_name": "org.springframework.security:spring-security-core",
      "vulnerable_version_range": [
        "5.7.0 - 5.7.13",
        "5.8.0 - 5.8.15",
        "6.0.0 - 6.0.13",
        "6.1.0 - 6.1.11",
        "6.2.0 - 6.2.7",
        "6.3.0 - 6.3.4",
        "Older, unsupported versions are also affected"
      ],
      "description": "The usage of String.toLowerCase() and String.toUpperCase() has some Locale dependent exceptions that could potentially result in authorization rules not working properly.",
      "mitigation": "Users of affected versions should upgrade to the corresponding fixed version.",
      "references": [
        "https://nvd.nist.gov/vuln-metrics/cvss/v3-calculator?vector=AV:N/AC:H/PR:N/UI:N/S:U/C:L/I:L/A:N"
      ]
    }
  ],
  "cve-2024-38820": [
    {
      "package_name": "org.springframework.security:spring-security-core",
      "vulnerable_version_range": [
        "5.3.0 - 5.3.40",
        "6.0.0 - 6.0.24",
        "6.1.0 - 6.1.13",
        "Older, unsupported versions are also affected"
      ],
      "description": "The fix for CVE-2022-22968 made disallowedFields patterns in DataBinder case insensitive. However, String.toLowerCase() has some Locale dependent exceptions that could potentially result in fields not protected as expected.",
      "mitigation": "Users of affected versions should upgrade to the corresponding fixed version.",
      "references": [
        "https://nvd.nist.gov/vuln-metrics/cvss/v3-calculator?vector=AV:N/AC:H/PR:L/UI:N/S:U/C:N/I:L/A:N&version=3.1"
      ]
    }
  ],
  "cve-2024-38810": [
    {
      "package_name": "org.springframework.security:spring-security-core",
      "vulnerable_version_range": [
        "6.3.0 and 6.3.1"
      ],
      "description": "Applications using @AuthorizeReturnObject or the Spring Security produced AuthorizationAdvisorProxyFactory @Bean to wrap objects may not have all security advice applied.",
      "mitigation": "Users of affected versions should upgrade to the corresponding fixed version.",
      "references": [
        "https://docs.spring.io/spring-security/reference/servlet/authorization/method-security.html#authorize-object"
      ]
    }
  ],
  "cve-2024-38809": [
    {
      "package_name": "org.springframework.security:spring-security-core",
      "vulnerable_version_range": [
        "6.1.0 - 6.1.11",
        "6.0.0 - 6.0.22",
        "5.3.0 - 5.3.37",
        "Older, unsupported versions are also affected"
      ],
      "description": "Applications that parse ETags from \"If-Match\" or \"If-None-Match\" request headers are vulnerable to DoS attack.",
      "mitigation": "Users of affected versions should upgrade to the corresponding fixed version.",
      "references": []
    }
  ],
  "cve-2024-38808": [
    {
      "package_name": "org.springframework.security:spring-security-core",
      "vulnerable_version_range": [
        "Spring Framework\n\n5.3.0 to 5.3.38\nOlder, unsupported versions are also affected",
        "5.3.0 to 5.3.38",
        "Older, unsupported versions are also affected"
      ],
      "description": "In Spring Framework versions 5.3.0 - 5.3.38 and older unsupported versions, it is possible for a user to provide a specially crafted Spring Expression Language (SpEL) expression that may cause a denial of service (DoS) condition.",
      "mitigation": "Users of affected versions should upgrade to the corresponding fixed version.",
      "references": [
        "https://www.first.org/cvss/calculator/3.0#CVSS:3.0/AV:N/AC:L/PR:N/UI:R/S:U/C:N/I:N/A:L",
        "https://cwe.mitre.org/data/definitions/770.html"
      ]
    }
  ],
  "cve-2024-38807": [
    {
      "package_name": "org.springframework.security:spring-security-core",
      "vulnerable_version_range": [
        "2.7.0 - 2.7.21",
        "3.0.0 - 3.0.16",
        "3.1.0 - 3.1.12",
        "3.2.0 - 3.2.8",
        "3.3.0 - 3.3.2"
      ],
      "description": "Applications that use spring-boot-loader or spring-boot-loader-classic and contain custom code that performs signature verification of nested jar files may be vulnerable to signature forgery where content that appears to have been signed by one signer has, in fact, been signed by another.",
      "mitigation": "Users of affected versions should upgrade to the corresponding fixed version.",
      "references": [
        "https://nvd.nist.gov/vuln-metrics/cvss/v3-calculator?vector=AV:L/AC:H/PR:L/UI:N/S:U/C:H/I:H/A:N&version=3.1"
      ]
    }
  ],
  "cve-2024-37084": [
    {
      "package_name": "org.springframework.security:spring-security-core",
      "vulnerable_version_range": [
        "2.11.0 - 2.11.3"
      ],
      "description": "Spring Cloud Data Flow is a microservices-based Streaming and Batch data processing platform deployed in Cloud Foundry and Kubernetes. The Skipper server has the ability to receive upload package requests. There is a small possibility, due to improper sanitization for the upload path, that a malicious user who has access to the Skipper server api can use a crafted upload request to write an arbitrary file to any location on the file system which could lead to compromising the server.  That being said, the Skipper server api is not  exposed to external users and the likelihood of this exploitation is extremely minimal.",
      "mitigation": "Users of affected versions should upgrade to the corresponding fixed version.",
      "references": []
    }
  ],
  "cve-2024-22271": [
    {
      "package_name": "org.springframework.security:spring-security-core",
      "vulnerable_version_range": [],
      "description": "Description\nIn Spring Cloud Function framework, versions 4.1.x prior to 4.1.2, 4.0.x prior to 4.0.8 an application is vulnerable to a DOS attack when attempting to compose functions with non-existing functions.",
      "mitigation": "Users of affected versions should upgrade to the corresponding fixed version.",
      "references": []
    }
  ],
  "cve-2024-22262": [
    {
      "package_name": "org.springframework.security:spring-security-core",
      "vulnerable_version_range": [
        "6.1.0 - 6.1.5",
        "6.0.0 - 6.0.18",
        "5.3.0 - 5.3.33",
        "Older, unsupported versions are also affected"
      ],
      "description": "Applications that use UriComponentsBuilder to parse an externally provided URL (e.g. through a query parameter) AND perform validation checks on the host of the parsed URL may be vulnerable to a open redirect attack or to a SSRF attack if the URL is used after passing validation checks.",
      "mitigation": "Users of affected versions should upgrade to the corresponding fixed version.",
      "references": [
        "https://nvd.nist.gov/vuln-metrics/cvss/v3-calculator?vector=AV:N/AC:L/PR:N/UI:R/S:U/C:H/I:H/A:N&version=3.1"
      ]
    }
  ],
  "cve-2024-22259": [
    {
      "package_name": "org.springframework.security:spring-security-core",
      "vulnerable_version_range": [
        "6.1.0 - 6.1.4",
        "6.0.0 - 6.0.17",
        "5.3.0 - 5.3.32",
        "Older, unsupported versions are also affected"
      ],
      "description": "Applications that use UriComponentsBuilder to parse an externally provided URL (e.g. through a query parameter) AND perform validation checks on the host of the parsed URL may be vulnerable to a open redirect attack or to a SSRF attack if the URL is used after passing validation checks.",
      "mitigation": "Users of affected versions should upgrade to the corresponding fixed version.",
      "references": []
    }
  ],
  "cve-2024-22258": [
    {
      "package_name": "org.springframework.security:spring-security-core",
      "vulnerable_version_range": [
        "1.0.0 - 1.0.5",
        "1.1.0 - 1.1.5",
        "1.2.0 - 1.2.2",
        "Older, unsupported versions are also affected"
      ],
      "description": "Spring Authorization Server versions 1.0.0 - 1.0.5, 1.1.0 - 1.1.5, 1.2.0 - 1.2.2 and older unsupported versions are susceptible to a PKCE Downgrade Attack for Confidential Clients.",
      "mitigation": "Users of affected versions should upgrade to the corresponding fixed version.",
      "references": [
        "https://nvd.nist.gov/vuln-metrics/cvss/v3-calculator?vector=AV:N/AC:L/PR:N/UI:R/S:C/C:L/I:L/A:N/E:F/RL:O/RC:C/CR:L/IR:L/AR:X/MAV:N/MAC:L/MPR:N/MUI:R/MS:C/MC:L/MI:L/MA:N&version=3.1",
        "https://cwe.mitre.org/data/definitions/287.html"
      ]
    }
  ],
  "cve-2024-22257": [
    {
      "package_name": "org.springframework.security:spring-security-core",
      "vulnerable_version_range": [
        "6.2.0 to 6.2.2",
        "6.1.0 to 6.1.7",
        "6.0.0 to 6.0.9",
        "5.8.0 to 5.8.10",
        "5.7.0 to 5.7.11",
        "Older, unsupported versions are also affected"
      ],
      "description": "In Spring Security, versions 5.7.x prior to 5.7.12, 5.8.x prior to 5.8.11, versions 6.0.x prior to 6.0.9, versions 6.1.x prior to 6.1.8, versions 6.2.x prior to 6.2.3, an application is possible vulnerable to broken access control when it directly uses the AuthenticatedVoter#vote passing a null Authentication parameter.",
      "mitigation": "Users of affected versions should upgrade to the corresponding fixed version.",
      "references": []
    }
  ],
  "cve-2024-22243": [
    {
      "package_name": "org.springframework.security:spring-security-core",
      "vulnerable_version_range": [
        "6.1.0 - 6.1.3",
        "6.0.0 - 6.0.16",
        "5.3.0 - 5.3.31",
        "Older, unsupported versions are also affected"
      ],
      "description": "Applications that use UriComponentsBuilder to parse an externally provided URL (e.g. through a query parameter) AND perform validation checks on the host of the parsed URL may be vulnerable to a open redirect attack or to a SSRF attack if the URL is used after passing validation checks.",
      "mitigation": "Upgrade Spring Framework as follows:",
      "references": []
    }
  ],
  "cve-2024-22236": [
    {
      "package_name": "org.springframework.security:spring-security-core",
      "vulnerable_version_range": [
        "Spring Cloud Contract4.1.04.0.0 to 4.0.53.1.0 to 3.1.10",
        "4.1.0",
        "4.0.0 to 4.0.5",
        "3.1.0 to 3.1.10"
      ],
      "description": "In Spring Cloud Contract, versions 4.1.x prior to 4.1.1, versions 4.0.x prior to 4.0.5, and versions 3.1.x prior to 3.1.10, test execution is vulnerable to local information disclosure via temporary directory created with unsafe permissions through the shaded com.google.guava:guava dependency in the org.springframework.cloud:spring-cloud-contract-shade dependency.",
      "mitigation": "Upgrade Spring Cloud Contract to 3.1.10 or 4.0.5 or 4.1.1.",
      "references": [
        "https://snyk.io/vuln/SNYK-JAVA-COMGOOGLEGUAVA-1015415",
        "https://www.cve.org/cverecord?id=CVE-2020-8908"
      ]
    }
  ],
  "cve-2024-22234": [
    {
      "package_name": "org.springframework.security:spring-security-core",
      "vulnerable_version_range": [
        "Spring Security6.1.0 to 6.1.66.2.0 to 6.2.1",
        "6.1.0 to 6.1.6",
        "6.2.0 to 6.2.1"
      ],
      "description": "In Spring Security, versions 6.1.x prior to 6.1.7 and versions 6.2.x prior to 6.2.2, an application is vulnerable to broken access control when it directly uses the AuthenticationTrustResolver.isFullyAuthenticated(Authentication) method.",
      "mitigation": "Users of affected versions should apply the following mitigation. 6.1.x users should upgrade to 6.1.7. 6.2.x users should upgrade to 6.2.2. No other steps are necessary.  Releases that have fixed this issue include:",
      "references": []
    }
  ],
  "cve-2023-34055": [
    {
      "package_name": "org.springframework.security:spring-security-core",
      "vulnerable_version_range": [
        "2.7.0 to 2.7.17",
        "3.0.0 to 3.0.12",
        "3.1.0 to 3.1.5"
      ],
      "description": "In Spring Boot versions 2.7.0 - 2.7.17, 3.0.0-3.0.12 and 3.1.0-3.1.5, it is possible for a user to provide specially crafted HTTP requests that may cause a denial-of-service (DoS) condition.",
      "mitigation": "Users of affected versions should apply the following mitigation.",
      "references": [
        "https://nvd.nist.gov/vuln-metrics/cvss/v3-calculator?vector=AV:N/AC:L/PR:N/UI:N/S:U/C:N/I:N/A:L&version=3.1"
      ]
    }
  ],
  "cve-2023-34042": [
    {
      "package_name": "org.springframework.security:spring-security-core",
      "vulnerable_version_range": [
        "6.1.1 - 6.1.3",
        "6.0.4 - 6.0.6",
        "5.8.4 - 5.8.6",
        "5.7.9 - 5.7.10"
      ],
      "description": "The spring-security.xsd file inside the spring-security-config jar is world writable which means that if it were extracted it could be written by anyone with access to the file system.",
      "mitigation": "The following Spring Security versions contain fixes for this vulnerability:",
      "references": [
        "https://nvd.nist.gov/vuln-metrics/cvss/v3-calculator?vector=AV:L/AC:H/PR:H/UI:N/S:U/C:N/I:H/A:N/E:U/RL:O/RC:C/CR:L/IR:H/AR:X/MAV:L/MAC:H/MPR:H/MUI:N/MS:U/MC:N/MI:H/MA:N&version=3.1",
        "https://cwe.mitre.org/data/definitions/732.html"
      ]
    }
  ],
  "cve-2023-20866": [
    {
      "package_name": "org.springframework.security:spring-security-core",
      "vulnerable_version_range": [
        "Spring Session 3.0.1"
      ],
      "description": "In Spring Session version 3.0.0, the session id can be logged to the standard output stream. This vulnerability exposes sensitive information to those who have access to the application logs and can be used for session hijacking.",
      "mitigation": "Users of affected versions should upgrade to Spring Session 3.0.1. Releases that have fixed this issue include:",
      "references": []
    }
  ],
  "cve-2023-20863": [
    {
      "package_name": "org.springframework.security:spring-security-core",
      "vulnerable_version_range": [
        "Spring Framework\n\n6.0.0 to 6.0.7\n5.3.0 to 5.3.26\n5.2.0.RELEASE to 5.2.23.RELEASE\nOlder, unsupported versions are also affected",
        "6.0.0 to 6.0.7",
        "5.3.0 to 5.3.26",
        "5.2.0.RELEASE to 5.2.23.RELEASE",
        "Older, unsupported versions are also affected"
      ],
      "description": "In Spring Framework versions 6.0.0 - 6.0.7, 5.3.0 - 5.3.26, 5.2.0.RELEASE - 5.2.23.RELEASE, and older unsupported versions, it is possible for a user to provide a specially crafted SpEL expression that may cause a denial-of-service (DoS) condition.",
      "mitigation": "Users of affected versions should apply the following mitigation: 6.0.x users should upgrade to 6.0.8+. 5.3.x users should upgrade to 5.3.27+. 5.2.x users should upgrade to 5.2.24.RELEASE+. Users of older, unsupported versions should upgrade to 6.0.8+ or 5.3.27+. No other steps are necessary. Releases that have fixed this issue include:",
      "references": [
        "https://www.first.org/cvss/calculator/3.0#CVSS:3.0/AV:N/AC:L/PR:N/UI:N/S:U/C:N/I:N/A:H/RL:O",
        "https://cwe.mitre.org/data/definitions/770.html"
      ]
    }
  ],
  "cve-2023-20859": [
    {
      "package_name": "org.springframework.security:spring-security-core",
      "vulnerable_version_range": [
        "Spring Vault\n\n3.0.0 to 3.0.1\n2.3.0 to 2.3.2 and older versions",
        "3.0.0 to 3.0.1",
        "2.3.0 to 2.3.2 and older versions",
        "Spring Cloud Vault\n\n4.0.0\n3.1.0 to 3.1.2 and older versions",
        "4.0.0",
        "3.1.0 to 3.1.2 and older versions",
        "Spring Cloud Config\n\n4.0.0 to 4.0.1\n3.1.0 to 3.1.6 and older versions",
        "4.0.0 to 4.0.1",
        "3.1.0 to 3.1.6 and older versions"
      ],
      "description": "In Spring Vault, versions 3.0.x prior to 3.0.2 and versions 2.3.x prior to 2.3.3 and older versions, an application is vulnerable to insertion of sensitive information into a log file when it attempts to revoke a Vault batch token.Specifically, an application is vulnerable when all of the following are true:",
      "mitigation": "Users of affected versions should apply the following mitigation.",
      "references": [
        "https://nvd.nist.gov/vuln-metrics/cvss/v3-calculator?vector=AV:L/AC:L/PR:L/UI:N/S:U/C:L/I:L/A:N&version=3.0"
      ]
    }
  ],
  "cve-2022-31692": [
    {
      "package_name": "org.springframework.security:spring-security-core",
      "vulnerable_version_range": [
        "Spring Security5.7.0 to 5.7.45.6.0 to 5.6.8",
        "5.7.0 to 5.7.4",
        "5.6.0 to 5.6.8"
      ],
      "description": "Spring Security, versions 5.7 prior to 5.7.5 and 5.6 prior to 5.6.9 could be susceptible to authorization rules bypass via forward or include dispatcher types.",
      "mitigation": "Users of affected versions should apply the following mitigations:",
      "references": [
        "https://docs.spring.io/spring-security/reference/servlet/authorization/authorize-http-requests.html"
      ]
    }
  ],
  "cve-2022-31690": [
    {
      "package_name": "org.springframework.security:spring-security-core",
      "vulnerable_version_range": [
        "Spring Security5.7 to 5.7.45.6 to 5.6.8Older, unsupported  versions are also affected",
        "5.7 to 5.7.4",
        "5.6 to 5.6.8",
        "Older, unsupported  versions are also affected"
      ],
      "description": "Spring Security, versions 5.7 prior to 5.7.5, and 5.6 prior to 5.6.9, and older unsupported versions could be susceptible to a privilege escalation under certain conditions. A malicious user or attacker can modify a request initiated by the Client (via the browser) to the Authorization Server which can lead to a privilege escalation on the subsequent approval. This scenario can happen if the Authorization Server responds with an OAuth2 Access Token Response containing an empty scope list (per RFC 6749, Section 5.1) on the subsequent request to the token endpoint to obtain the access token.",
      "mitigation": "Users of affected versions should apply the following mitigation: Spring Security 5.7 to 5.7.5, Spring Security 5.6 to 5.6.9. Older versions should upgrade to a supported branch. There are no other mitigation steps required. Releases that have fixed this issue include:Spring Security5.7.55.6.9",
      "references": [
        "https://docs.spring.io/spring-security/reference/servlet/oauth2/login/index.html",
        "https://docs.spring.io/spring-security/reference/reactive/oauth2/login/index.html",
        "https://github.com/spring-projects/spring-security-samples/blob/4638e1e428ee2ddab234199eb3b67b9c94dfa08b/servlet/spring-boot/java/oauth2/webclient/src/main/java/example/SecurityConfiguration.java#L48",
        "https://nvd.nist.gov/vuln-metrics/cvss/v3-calculator?vector=AV:N/AC:L/PR:L/UI:N/S:U/C:H/I:H/A:N/E:P/RL:O/RC:C/CR:M/IR:M/AR:X/MAV:N/MAC:L/MPR:L/MUI:N/MS:U/MC:H/MI:H/MA:N&version=3.1"
      ]
    }
  ],
  "cve-2022-31684": [
    {
      "package_name": "org.springframework.security:spring-security-core",
      "vulnerable_version_range": [
        "Reactor Netty1.0.11 to 1.0.23",
        "1.0.11 to 1.0.23"
      ],
      "description": "Reactor Netty HTTP Server, in versions 1.0.11 - 1.0.23, may log request headers in some cases of invalid HTTP requests. The logged headers may reveal valid access tokens to those with access to server logs. This may affect only invalid HTTP requests where logging at WARN level is enabled.",
      "mitigation": "Users of affected versions should apply the following mitigation. 1.0.x users that don't use the default log level (ERROR) should upgrade to 1.0.24 (reactor-bom 2020.0.24). No other steps are necessary. Release that have fixed this issue include:Reactor Netty1.0.24",
      "references": [
        "https://tanzu.vmware.com/security/cve-2022-31684"
      ]
    }
  ],
  "cve-2022-31679": [
    {
      "package_name": "org.springframework.security:spring-security-core",
      "vulnerable_version_range": [
        "Spring Data REST3.6.0 to 3.6.63.7.0 to 3.7.2Older, unsupported  versions are also affected",
        "3.6.0 to 3.6.6",
        "3.7.0 to 3.7.2",
        "Older, unsupported  versions are also affected"
      ],
      "description": "Applications that allow HTTP PATCH access to resources exposed by Spring Data REST in versions 3.6.0 - 3.6.5, 3.7.0 - 3.7.2, and older unsupported versions, if an attacker knows about the structure of the underlying domain model, they can craft HTTP requests that expose hidden entity attributes.",
      "mitigation": "Users of affected versions should apply the following mitigation: 3.6.x users should upgrade to 3.6.7+ (included in Spring Boot 2.6.12+). 3.7.x users should upgrade to 3.7.3+ (included in Spring Boot 2.7.4+). No other steps are necessary. Releases that have fixed this issue include:Spring Data REST3.6.7+3.7.3+",
      "references": [
        "https://nvd.nist.gov/vuln-metrics/cvss/v3-calculator?vector=AV:N/AC:H/PR:N/UI:N/S:U/C:L/I:H/A:N&version=3.1"
      ]
    }
  ],
  "cve-2022-22978": [
    {
      "package_name": "org.springframework.security:spring-security-core",
      "vulnerable_version_range": [
        "Spring Security5.4.x prior to 5.4.115.5.x prior to 5.5.75.6.x prior to 5.6.4Earlier unsupported versions",
        "5.4.x prior to 5.4.11",
        "5.5.x prior to 5.5.7",
        "5.6.x prior to 5.6.4",
        "Earlier unsupported versions"
      ],
      "description": "In Spring Security versions 5.4.10, 5.5.6, and 5.6.3 and older unsupported versions, RegexRequestMatcher can easily be misconfigured to be bypassed on some servlet containers.",
      "mitigation": "Users should update to a version that includes fixes. 5.5.x users should upgrade to 5.5.7 or greater. 5.6.x users should upgrade to 5.6.4 or greater. Releases that have fixed this issue include:Spring Security5.4.11+5.5.7+5.6.4+5.7+",
      "references": [
        "https://nvd.nist.gov/vuln-metrics/cvss/v3-calculator?vector=AV:N/AC:L/PR:N/UI:N/S:U/C:H/I:L/A:N&version=3.1"
      ]
    }
  ],
  "cve-2022-22969": [
    {
      "package_name": "org.springframework.security:spring-security-core",
      "vulnerable_version_range": [
        "Spring Security OAuth2.5.x prior to 2.5.2Older, unsupported  versions",
        "2.5.x prior to 2.5.2",
        "Older, unsupported  versions"
      ],
      "description": "Spring Security OAuth versions 2.5.x prior to 2.5.2 and older unsupported versions are susceptible to a Denial-of-Service (DoS) attack via the initiation of the Authorization Request in an OAuth 2.0 Client application. A malicious user or attacker can send multiple requests initiating the Authorization Request for the Authorization Code Grant, which has the potential of exhausting system resources using a single session. This vulnerability exposes OAuth 2.0 Client applications only.",
      "mitigation": "Users of affected versions should upgrade to the following versions:Spring Security OAuth2.5.2+",
      "references": [
        "https://spring.io/blog/2022/04/21/cve-report-published-for-spring-security-oauth"
      ]
    }
  ],
  "cve-2022-22965": [
    {
      "package_name": "org.springframework.security:spring-security-core",
      "vulnerable_version_range": [
        "Spring Framework5.3.0 to 5.3.175.2.0 to 5.2.19Older, unsupported  versions are also affected",
        "5.3.0 to 5.3.17",
        "5.2.0 to 5.2.19",
        "Older, unsupported  versions are also affected"
      ],
      "description": "A Spring MVC or Spring WebFlux application running on JDK 9+ may be vulnerable to remote code execution (RCE) via data binding. The specific exploit requires the application to run on Tomcat as a WAR deployment. If the application is deployed as a Spring Boot executable jar, i.e. the default, it is not vulnerable to the exploit. However, the nature of the vulnerability is more general, and there may be other ways to exploit it.",
      "mitigation": "Users of affected versions should apply the following mitigation: 5.3.x users should upgrade to 5.3.18+, 5.2.x users should upgrade to 5.2.20+.  No other steps are necessary. There are other mitigation steps for applications that cannot upgrade to the above versions. Those are described in the early announcement blog post, listed under the Resources section.  Releases that have fixed this issue include:Spring Framework5.3.18+5.2.20+",
      "references": [
        "https://spring.io/blog/2022/03/31/spring-framework-rce-early-announcement",
        "https://www.first.org/cvss/calculator/3.0#CVSS:3.0/AV:N/AC:L/PR:N/UI:N/S:U/C:H/I:H/A:H"
      ]
    }
  ],
  "cve-2022-22963": [
    {
      "package_name": "org.springframework.security:spring-security-core",
      "vulnerable_version_range": [
        "Spring Cloud Function3.1.63.2.2Older, unsupported  versions are also affected",
        "3.1.6",
        "3.2.2",
        "Older, unsupported  versions are also affected"
      ],
      "description": "In Spring Cloud Function versions 3.1.6, 3.2.2 and older unsupported versions, when using routing functionality it is possible for a user to provide a specially crafted SpEL as a routing-expression that may result in remote code execution and access to local resources.",
      "mitigation": "Users of affected versions should upgrade to 3.1.7, 3.2.3. No other steps are necessary. Releases that have fixed this issue include:Spring Cloud Function3.1.73.2.3",
      "references": [
        "https://www.first.org/cvss/calculator/3.0#CVSS:3.0/AV:N/AC:L/PR:N/UI:N/S:U/C:H/I:H/A:H",
        "https://cwe.mitre.org/data/definitions/770.html",
        "https://cwe.mitre.org/data/definitions/497.html"
      ]
    }
  ],
  "cve-2021-22119": [
    {
      "package_name": "org.springframework.security:spring-security-core",
      "vulnerable_version_range": [
        "Spring Security5.5.x prior to 5.5.15.4.x prior to 5.4.75.3.x prior to 5.3.105.2.x prior to 5.2.11",
        "5.5.x prior to 5.5.1",
        "5.4.x prior to 5.4.7",
        "5.3.x prior to 5.3.10",
        "5.2.x prior to 5.2.11"
      ],
      "description": "Spring Security versions 5.5.x prior to 5.5.1, 5.4.x prior to 5.4.7, 5.3.x prior to 5.3.10 and 5.2.x prior to 5.2.11 are susceptible to a Denial-of-Service (DoS) attack via the initiation of the Authorization Request in an OAuth 2.0 Client Web and WebFlux application. A malicious user or attacker can send multiple requests initiating the Authorization Request for the Authorization Code Grant, which has the potential of exhausting system resources using a single session or multiple sessions. This vulnerability exposes OAuth 2.0 Client applications that use HttpSessionOAuth2AuthorizationRequestRepository (Servlet) and WebSessionOAuth2ServerAuthorizationRequestRepository (Reactive).",
      "mitigation": "Users of affected versions should upgrade to the following versions:Spring Security5.5.15.4.75.3.105.2.11",
      "references": [
        "https://docs.spring.io/spring-security/site/docs/current/reference/html5/#storing-the-authorization-request"
      ]
    }
  ],
  "cve-2021-22114": [
    {
      "package_name": "org.springframework.security:spring-security-core",
      "vulnerable_version_range": [
        "Spring Integration Zip Community Extension Project1.0.3.RELEASE and earlier",
        "1.0.3.RELEASE and earlier"
      ],
      "description": "spring-integration-zip , versions prior to 1.0.4, exposes an arbitrary file write vulnerability, that can be achieved using a specially crafted zip archive (affects other archives as well, bzip2, tar, xz, war, cpio, 7z), that holds path traversal filenames. So when the filename gets concatenated to the target extraction directory, the final path ends up outside of the target folder. The previous cve-2018-1263 prevented the framework from unzipping general traversal file names. The special file names, containing a working directory for unzipping, still can slip out of that working directory. This specifically applies to the unzip transformer. This can only happen if an application using this library accepts and unpacks zip files from untrusted sources.",
      "mitigation": "Users of affected versions should apply the following mitigation or do not unzip untrusted zip files:Spring Integration Zip Community Extension Project1.0.4.RELEASE",
      "references": [
        "https://tanzu.vmware.com/security/cve-2018-1263",
        "https://tanzu.vmware.com/security/cve-2018-1261"
      ]
    }
  ],
  "cve-2021-22095": [
    {
      "package_name": "org.springframework.security:spring-security-core",
      "vulnerable_version_range": [
        "Spring AMQP2.2.0 - 2.2.192.3.0 - 2.3.11",
        "2.2.0 - 2.2.19",
        "2.3.0 - 2.3.11"
      ],
      "description": "The Spring AMQP Message object, in its toString() method, will create a new String object from the message body, regardless of its size.",
      "mitigation": "Users of affected versions should apply the following mitigation. 2.3.x users should upgrade to 2.3.12. 2.2.x users should upgrade to 2.2.20. No other steps are necessary.  The toString() method now only converts the body if its length is 50 or fewer bytes.  Releases that have fixed this issue include:Spring AMQP2.4.02.3.122.2.20",
      "references": [
        "https://tanzu.vmware.com/security/cve-2021-22095"
      ]
    }
  ],
  "cve-2021-22060": [
    {
      "package_name": "org.springframework.security:spring-security-core",
      "vulnerable_version_range": [
        "Spring Framework5.3.0 to 5.3.135.2.0 to 5.2.18Older, unsupported  versions are also affected",
        "5.3.0 to 5.3.13",
        "5.2.0 to 5.2.18",
        "Older, unsupported  versions are also affected"
      ],
      "description": "In Spring Framework versions 5.3.0 - 5.3.13, 5.2.0 - 5.2.18, and older unsupported versions, it is possible for a user to provide malicious input to cause the insertion of additional log entries. This is a follow-up to CVE-2021-22096 that protects against additional types of input and in more places of the Spring Framework codebase.",
      "mitigation": "Users of affected versions should apply the following mitigation. 5.3.x users should upgrade to 5.3.14+. 5.2.x users should upgrade to 5.2.19+. No other steps are necessary. Releases that have fixed this issue include:Spring Framework5.3.14+5.2.19+",
      "references": [
        "https://tanzu.vmware.com/security/cve-2021-22096"
      ]
    }
  ],
  "cve-2021-22053": [
    {
      "package_name": "org.springframework.security:spring-security-core",
      "vulnerable_version_range": [
        "Spring Cloud Netflix2.2.0.RELEASE to 2.2.9.RELEASEOlder, unsupported  versions are also affected",
        "2.2.0.RELEASE to 2.2.9.RELEASE",
        "Older, unsupported  versions are also affected"
      ],
      "description": "Applications using both spring-cloud-netflix-hystrix-dashboard and spring-boot-starter-thymeleaf expose a way to execute code submitted within the request URI path during the resolution of view templates. When a request is made at /hystrix/monitor;[user-provided data], the path elements following hystrix/monitor are being evaluated as SpringEL expressions, which can lead to code execution.",
      "mitigation": "Users of affected versions should apply the following mitigation: Users should upgrade to  2.2.10.RELEASE+. No other steps are necessary.  Releases that have fixed this issue include:Spring Cloud Netflix2.2.10.RELEASE+",
      "references": [
        "https://www.first.org/cvss/calculator/3.0#CVSS:3.0/AV:N/AC:L/PR:L/UI:N/S:U/C:L/I:H/A:L"
      ]
    }
  ],
  "cve-2021-22047": [
    {
      "package_name": "org.springframework.security:spring-security-core",
      "vulnerable_version_range": [
        "Spring Data REST3.4.0 to 3.4.133.5.0 to 3.5.5Older, unsupported  versions are also affected",
        "3.4.0 to 3.4.13",
        "3.5.0 to 3.5.5",
        "Older, unsupported  versions are also affected"
      ],
      "description": "In Spring Data REST versions 3.4.0 - 3.4.13, 3.5.0 - 3.5.5, and older unsupported versions, HTTP resources implemented by custom controllers using a configured base API path and a controller type-level request mapping are additionally exposed under URIs that can potentially be exposed for unauthorized access depending on the Spring Security configuration. The vulnerability only applies to projects for which all the following points are true:",
      "mitigation": "Users of affected versions should upgrade to one of the versions below. No other steps are necessary.Spring Data REST3.4.14+ (included in Spring Boot 2.4.12+)3.5.6+ (included in Spring Boot 2.5.6+)",
      "references": [
        "https://www.first.org/cvss/calculator/3.0#CVSS:3.0/AV:N/AC:H/PR:N/UI:R/S:U/C:N/I:H/A:N"
      ]
    }
  ],
  "cve-2021-22044": [
    {
      "package_name": "org.springframework.security:spring-security-core",
      "vulnerable_version_range": [
        "Spring Cloud OpenFeign3.0.0 to 3.0.42.2.0.RELEASE to 2.2.9.RELEASEOlder, unsupported  versions are also affected",
        "3.0.0 to 3.0.4",
        "2.2.0.RELEASE to 2.2.9.RELEASE",
        "Older, unsupported  versions are also affected"
      ],
      "description": "Applications using type-level @RequestMappingannotations over Feign client interfaces, can be involuntarily exposing endpoints corresponding to @RequestMapping-annotated interface methods. Although a response is not returned for a request sent in this way, it does reach the corresponding server-side endpoint.",
      "mitigation": "Users of affected versions should upgrade to one of the versions below. No other steps are necessary.Spring Cloud OpenFeign3.0.5+2.2.10.RELEASE+",
      "references": [
        "https://docs.spring.io/spring-cloud-openfeign/docs/3.0.4/reference/html/#spring-cloud-feign-inheritance"
      ]
    }
  ],
  "cve-2020-5428": [
    {
      "package_name": "org.springframework.security:spring-security-core",
      "vulnerable_version_range": [
        "Spring Cloud Task2.2.4 and below",
        "2.2.4 and below"
      ],
      "description": "In applications using Spring Cloud Task 2.2.4.RELEASE and below, may be vulnerable to SQL injection when exercising certain lookup queries in the TaskExplorer.",
      "mitigation": "Users should upgrade to 2.2.5 and higher.  Releases that have fixed this issue include:Spring Cloud Task2.3.02.2.5",
      "references": [
        "https://cve.mitre.org/cgi-bin/cvename.cgi?name=CVE-2020-5428"
      ]
    }
  ],
  "cve-2020-5421": [
    {
      "package_name": "org.springframework.security:spring-security-core",
      "vulnerable_version_range": [
        "Spring Framework5.2.0 to 5.2.85.1.0 to 5.1.175.0.0 to 5.0.184.3.0 to 4.3.28Older, unsupported  versions",
        "5.2.0 to 5.2.8",
        "5.1.0 to 5.1.17",
        "5.0.0 to 5.0.18",
        "4.3.0 to 4.3.28",
        "Older, unsupported  versions"
      ],
      "description": "In Spring Framework versions 5.2.0 - 5.2.8, 5.1.0 - 5.1.17, 5.0.0 - 5.0.18, 4.3.0 - 4.3.28, and older unsupported versions, the protections against RFD attacks from CVE-2015-5211 may be bypassed depending on the browser used through the use of a jsessionid path parameter.",
      "mitigation": "This issue was identified and responsibly reported by Keitaro Yamazaki / Ierae Security.",
      "references": [
        "https://tanzu.vmware.com/security/cve-2015-5211"
      ]
    }
  ],
  "cve-2020-5413": [
    {
      "package_name": "org.springframework.security:spring-security-core",
      "vulnerable_version_range": [
        "Spring Integration4.3.0 to 4.3.225.1.0 to 5.1.115.2.0 to 5.2.75.3.0 to 5.3.1",
        "4.3.0 to 4.3.22",
        "5.1.0 to 5.1.11",
        "5.2.0 to 5.2.7",
        "5.3.0 to 5.3.1"
      ],
      "description": "Spring Integration framework provides Kryo Codec implementations as an alternative for Java (de)serialization. When Kryo is configured with default options, all unregistered classes are resolved on demand. This leads to the \"deserialization gadgets\" exploit when provided data contains malicious code for execution during deserialization. In order to protect against this type of attack, Kryo can be configured to require a set of trusted classes for (de)serialization. Spring Integration should be proactive against blocking unknown “deserialization gadgets” when configuring Kryo in code.",
      "mitigation": "Users of an affected version should upgrade to these releases with the fixed issue:Spring Integration4.3.235.1.125.2.85.3.2",
      "references": [
        "https://owasp.org/www-community/vulnerabilities/Deserialization_of_untrusted_data"
      ]
    }
  ],
  "cve-2020-5412": [
    {
      "package_name": "org.springframework.security:spring-security-core",
      "vulnerable_version_range": [
        "Spring Cloud Netflix2.2.0 to 2.2.32.1.0 to 2.1.5Older unsupported versions are also affected",
        "2.2.0 to 2.2.3",
        "2.1.0 to 2.1.5",
        "Older unsupported versions are also affected"
      ],
      "description": "Spring Cloud Netflix, versions 2.2.x prior to 2.2.4, versions 2.1.x prior to 2.1.6, and older unsupported versions allow applications to use the Hystrix Dashboard proxy.stream endpoint to make requests to any server reachable by the server hosting the dashboard.  A malicious user, or attacker, can send a request to other servers that should not be exposed publicly.",
      "mitigation": "Users of affected versions should apply the mitigation below. There are no other mitigation steps necessary. Note that Hystrix Dashboard in spring-cloud-netflix should only be available on internal networks to clients that require it and it should be secured with Spring Security. This limits exposure to this vulnerability to those with internal network access and those users with proper authentication.",
      "references": [
        "https://docs.spring.io/spring-cloud-netflix/docs/2.2.x/reference/html/#circuit-breaker-hystrix-dashboard"
      ]
    }
  ],
  "cve-2020-5410": [
    {
      "package_name": "org.springframework.security:spring-security-core",
      "vulnerable_version_range": [
        "Spring Cloud Config2.2.0 to 2.2.22.1.0 to 2.1.8",
        "2.2.0 to 2.2.2",
        "2.1.0 to 2.1.8"
      ],
      "description": "Spring Cloud Config, versions 2.2.x prior to 2.2.3, versions 2.1.x prior to 2.1.9, and older unsupported versions allow applications to serve arbitrary configuration files through the spring-cloud-config-server module. A malicious user, or attacker, can send a request using a specially crafted URL that can lead to a directory traversal attack.",
      "mitigation": "Users of affected versions should apply the following mitigation. Older versions should upgrade to a supported branch. There are no other mitigation steps necessary. Note that spring-cloud-config-server should only be available on internal networks to clients that require it and it should be secured with Spring Security, this limits exposure to this vulnerability to those with internal network access and those users with proper authentication.Spring Cloud Config2.2.32.1.9",
      "references": [
        "https://cloud.spring.io/spring-cloud-config/multi/multi__spring_cloud_config_server.html#_security"
      ]
    }
  ],
  "cve-2020-5408": [
    {
      "package_name": "org.springframework.security:spring-security-core",
      "vulnerable_version_range": [
        "Spring Security5.3.x prior to 5.3.25.2.x prior to 5.2.45.1.x prior to 5.1.105.0.x prior to 5.0.164.2.x prior to 4.2.16",
        "5.3.x prior to 5.3.2",
        "5.2.x prior to 5.2.4",
        "5.1.x prior to 5.1.10",
        "5.0.x prior to 5.0.16",
        "4.2.x prior to 4.2.16"
      ],
      "description": "Spring Security versions 5.3.x prior to 5.3.2,  5.2.x prior to 5.2.4,  5.1.x prior to 5.1.10, 5.0.x prior to 5.0.16 and 4.2.x prior to 4.2.16 use a fixed null initialization vector with CBC Mode in the implementation of the queryable text encryptor. A malicious user with access to the data that has been encrypted using such an encryptor may be able to derive the unencrypted values using a dictionary attack.",
      "mitigation": "All users should discontinue the use of Encryptors#queryableText(CharSequence, CharSequence) and rely on their data store for querying encrypted data. Users should perform the following upgrades, as this method has been deprecated in newer versions of Spring Security. Older versions should upgrade to a supported branch. Releases that have fixed this issue include:",
      "references": [
        "https://cwe.mitre.org/data/definitions/329.html"
      ]
    }
  ],
  "cve-2020-5407": [
    {
      "package_name": "org.springframework.security:spring-security-core",
      "vulnerable_version_range": [
        "Spring Security5.2.x prior to 5.2.45.3.x prior to 5.3.2",
        "5.2.x prior to 5.2.4",
        "5.3.x prior to 5.3.2"
      ],
      "description": "Spring Security versions 5.2.x prior to 5.2.4 and 5.3.x prior to 5.3.2 contain a signature wrapping vulnerability during SAML response validation. When using the spring-security-saml2-service-provider component, a malicious user can carefully modify an otherwise valid SAML response and append an arbitrary assertion that Spring Security will accept as valid.",
      "mitigation": "This issue was identified and responsibly reported by Sam Tinklenberg.",
      "references": [
        "https://github.com/spring-projects/spring-security/tree/5.2.3.RELEASE/samples/boot/saml2login",
        "https://docs.spring.io/spring-security/site/docs/5.2.3.RELEASE/reference/html5/#saml2"
      ]
    }
  ],
  "cve-2020-5398": [
    {
      "package_name": "org.springframework.security:spring-security-core",
      "vulnerable_version_range": [
        "Spring Framework5.2.0 to 5.2.25.1.0 to 5.1.125.0.0 to 5.0.15",
        "5.2.0 to 5.2.2",
        "5.1.0 to 5.1.12",
        "5.0.0 to 5.0.15"
      ],
      "description": "In Spring Framework, versions 5.2.x prior to 5.2.3, versions 5.1.x prior to 5.1.13, and versions 5.0.x prior to 5.0.16, an application is vulnerable to a reflected file download (RFD) attack when it sets a “Content-Disposition” header in the response\n    where the filename attribute is derived from user supplied input.Specifically, an application is vulnerable when all of the following are true:",
      "mitigation": "Users of affected versions should apply the following mitigation. 5.2.x users should upgrade to 5.2.3. 5.1.x users should upgrade to 5.1.13. 5.0.x users should upgrade to 5.0.16. No other steps are necessary.  Releases that have fixed this issue include:",
      "references": [
        "https://www.trustwave.com/en-us/resources/blogs/spiderlabs-blog/reflected-file-download-a-new-web-attack-vector/",
        "https://github.com/spring-projects/spring-framework/issues/24220"
      ]
    }
  ],
  "cve-2019-11272": [
    {
      "package_name": "org.springframework.security:spring-security-core",
      "vulnerable_version_range": [
        "Spring Security 4.2 to 4.2.12",
        "Older unsupported versions are also affected",
        "Note that Spring Security 5+ is not impacted by this vulnerability."
      ],
      "description": "Spring Security, versions 4.2.x up to 4.2.12, and older unsupported versions support plain text passwords using PlaintextPasswordEncoder. If an application using an affected version of Spring Security is leveraging PlaintextPasswordEncoder and a user has a null encoded password, a malicious user (or attacker) can authenticate using a password of “null”.",
      "mitigation": "Users of affected versions should apply the following mitigation:",
      "references": []
    }
  ],
  "cve-2019-3802": [
    {
      "package_name": "org.springframework.security:spring-security-core",
      "vulnerable_version_range": [
        "Spring Data JPA 2.1 to 2.1.7",
        "Spring Data JPA 2.0 to 2.0.14",
        "Spring Data JPA 1.11 to 1.11.21",
        "Older unsupported versions are also affected"
      ],
      "description": "This affects Spring Data JPA in versions up to and including 2.1.6, 2.0.14 and 1.11.20. Using ExampleMatcher.StringMatcher.STARTING, ExampleMatcher.StringMatcher.ENDING or ExampleMatcher.StringMatcher.CONTAINING could return more results than anticipated when a maliciously crafted example value is supplied.",
      "mitigation": "Users of affected versions should apply the following mitigation:",
      "references": [
        "https://cwe.mitre.org/data/definitions/155.html",
        "https://www.first.org/cvss/calculator/3.0#CVSS:3.0/AV:N/AC:L/PR:L/UI:R/S:U/C:L/I:N/A:N"
      ]
    }
  ],
  "cve-2019-3795": [
    {
      "package_name": "org.springframework.security:spring-security-core",
      "vulnerable_version_range": [
        "Spring Security 4.2 to 4.2.11",
        "Spring Security 5.0 to 5.0.11",
        "Spring Security 5.1 to 5.1.4"
      ],
      "description": "Spring Security versions 4.2.x prior to 4.2.12, 5.0.x prior to 5.0.12, and 5.1.x prior to 5.1.5 contain an insecure randomness vulnerability when using SecureRandomFactoryBean#setSeed to configure a SecureRandom instance. In order to be impacted, an honest application must provide a seed and make the resulting random material available to an attacker for inspection.",
      "mitigation": "Users of affected versions should apply the following mitigation:",
      "references": []
    }
  ],
  "cve-2019-3774": [
    {
      "package_name": "org.springframework.security:spring-security-core",
      "vulnerable_version_range": [
        "Spring Batch versions 3.0.9, 4.0.1, 4.1.0 and older"
      ],
      "description": "Spring Batch versions 3.0.9, 4.0.1, 4.1.0, and older unsupported versions, were susceptible to XML External Entity Injection (XXE) when receiving XML data from untrusted sources.",
      "mitigation": "Users of affected versions should apply the following mitigation:",
      "references": [
        "https://www.owasp.org/index.php/XML_External_Entity_(XXE)_Prevention_Cheat_Sheet"
      ]
    }
  ],
  "cve-2019-3773": [
    {
      "package_name": "org.springframework.security:spring-security-core",
      "vulnerable_version_range": [
        "Spring Web Services versions 2.4.3, 3.0.4 and older"
      ],
      "description": "Spring Web Services, versions 2.4.3, 3.0.4, and older unsupported versions of all three projects, were susceptible to XML External Entity Injection (XXE) when receiving XML data from untrusted sources.",
      "mitigation": "Users of affected versions should apply the following mitigation:",
      "references": [
        "https://www.owasp.org/index.php/XML_External_Entity_(XXE)_Prevention_Cheat_Sheet"
      ]
    }
  ],
  "cve-2019-3772": [
    {
      "package_name": "org.springframework.security:spring-security-core",
      "vulnerable_version_range": [
        "Spring Integration versions 5.1.1, 5.0.10, 4.3.18 and older"
      ],
      "description": "Spring Integration (spring-integration-xml and spring-integration-ws modules), versions 4.3.18, 5.0.10, 5.1.1, and older unsupported versions, were susceptible to XML External Entity Injection (XXE) when receiving XML data from untrusted sources.",
      "mitigation": "Users of affected versions should apply the following mitigation:",
      "references": [
        "https://www.owasp.org/index.php/XML_External_Entity_(XXE)_Prevention_Cheat_Sheet"
      ]
    }
  ],
  "cve-2018-15756": [
    {
      "package_name": "org.springframework.security:spring-security-core",
      "vulnerable_version_range": [
        "Spring Framework 5.1",
        "Spring Framework 5.0.0 to 5.0.9",
        "Spring Framework 4.3 to 4.3.19",
        "Older unsupported versions going back to 4.2 are also affected"
      ],
      "description": "Spring Framework, version 5.1, versions 5.0.x prior to 5.0.10, versions 4.3.x prior to 4.3.20, and older unsupported versions on the 4.2.x branch provide support for range requests when serving static resources through the ResourceHttpRequestHandler, or starting in 5.0  when an annotated controller returns an org.springframework.core.io.Resource. A malicious user (or attacker) can add a range header with a high number of ranges, or with wide ranges that overlap, or both, for a denial of service attack.",
      "mitigation": "Users of affected versions should apply the following mitigation:",
      "references": []
    }
  ],
  "cve-2018-1272": [
    {
      "package_name": "org.springframework.security:spring-security-core",
      "vulnerable_version_range": [
        "Spring Framework 5.0 to 5.0.4",
        "Spring Framework 4.3 to 4.3.14",
        "Older unsupported versions are also affected"
      ],
      "description": "Spring Framework versions 5.0 to 5.0.4, 4.3 to 4.3.14, and older unsupported versions provide client-side support for multipart requests. When Spring MVC or Spring WebFlux server application (server A) receives input from a remote client, and then uses that input to make a multipart request to another server (server B), it can be exposed to an attack, where an extra multipart is inserted in the content of the request from server A, causing server B to use the wrong value for a part it expects. This could to lead privilege escalation, for example, if the part content represents a username or user roles.",
      "mitigation": "Users of affected versions should apply the following mitigation:",
      "references": []
    }
  ],
  "cve-2018-1229": [
    {
      "package_name": "org.springframework.security:spring-security-core",
      "vulnerable_version_range": [
        "Spring Batch Admin all versions"
      ],
      "description": "Cross-site scripting (XSS) vulnerability in the file upload feature of Spring Batch Admin allows a remote attacker to inject arbitrary web script or HTML via a crafted request related to the file upload functionality.",
      "mitigation": "Users of affected versions should apply the following mitigation:",
      "references": [
        "https://docs.spring.io/spring-batch-admin",
        "https://github.com/spring-projects/spring-batch-admin/blob/master/MIGRATION.md"
      ]
    }
  ],
  "cve-2017-8045": [
    {
      "package_name": "org.springframework.security:spring-security-core",
      "vulnerable_version_range": [
        "Spring AMQP versions prior to 1.7.4, 1.6.11, and 1.5.7"
      ],
      "description": "In affected versions of Spring AMQP, a org.springframework.amqp.core.Message may be unsafely deserialized when being converted into a string. A malicious payload could be crafted to exploit this and enable a remote code execution attack.",
      "mitigation": "Users of affected versions should apply the following mitigation:",
      "references": [
        "https://jira.spring.io/browse/AMQP-766",
        "https://docs.spring.io/spring-amqp/docs/1.6.11.RELEASE/reference/html/_reference.html#_message"
      ]
    }
  ],
  "cve-2016-9879": [
    {
      "package_name": "org.springframework.security:spring-security-core",
      "vulnerable_version_range": [
        "Spring Security 3.2.0 - 3.2.9",
        "Spring Security 4.0.x - 4.1.3",
        "Spring Security 4.2.0",
        "Older unsupported versions are also affected"
      ],
      "description": "Spring Security does not consider URL path parameters when processing security constraints. By adding a URL path parameter with an encoded \"/\" to a request, an attacker may be able to bypass a security constraint. The root cause of this issue is a lack of clarity regarding the handling of path parameters in the Servlet Specification (see below). Some Servlet containers include path parameters in the value returned for getPathInfo() and some do not. Spring Security uses the value returned by getPathInfo() as part of the process of mapping requests to security constraints. The unexpected presence of path parameters can cause a constraint to be bypassed.",
      "mitigation": "Adopting one of the following mitigations will protect against this vulnerability.",
      "references": [
        "http://www.securityfocus.com/archive/1/archive/1/514517/100/0/threaded",
        "https://github.com/spring-projects/spring-security/issues/4169"
      ]
    }
  ],
  "cve-2016-6652": [
    {
      "package_name": "org.springframework.security:spring-security-core",
      "vulnerable_version_range": [
        "Spring Data JPA 1.10.2, 1.9.4",
        "Other unsupported versions are also affected"
      ],
      "description": "Sort instances handed into user defined Spring Data repository query methods using manually declared JPQL queries are handed to the persistence provider as is and allow attackers to inject arbitrary JPQL into ORDER BY clauses which they might use to draw conclusions about non-exposed fields based on the query result's element order changing depending on the injected JPQL.",
      "mitigation": "Users of affected versions should apply the following mitigation:",
      "references": [
        "https://github.com/spring-projects/spring-data-jpa/commit/b8e7fe",
        "https://jira.spring.io/browse/DATAJPA-965"
      ]
    }
  ],
  "cve-2016-4977": [
    {
      "package_name": "org.springframework.security:spring-security-core",
      "vulnerable_version_range": [
        "2.0.0 to 2.0.9",
        "1.0.0 to 1.0.5"
      ],
      "description": "When processing authorization requests using the whitelabel views, the response_type parameter value was executed as Spring SpEL which enabled a malicious user to trigger remote code execution via the crafting of the value for response_type.",
      "mitigation": "Users of affected versions should apply the following mitigation:",
      "references": [
        "https://github.com/spring-projects/spring-security-oauth/commit/fff77d3fea477b566bcacfbfc95f85821a2bdc2d"
      ]
    }
  ],
  "cve-2015-0201": [
    {
      "package_name": "org.springframework.security:spring-security-core",
      "vulnerable_version_range": [
        "Spring Framework 4.1.0 to 4.1.4"
      ],
      "description": "Session id generation in the Java SockJS client is not sufficiently secure and could allow a user to send messages to another user’s session.",
      "mitigation": "Users of affected versions should apply the following mitigation:",
      "references": [
        "https://github.com/spring-projects/spring-framework/commit/dc5b5ca8ee09c890352f89b2dae58bc0132d6545",
        "https://github.com/spring-projects/spring-framework/commit/d63cfc8eebc396be009e733a81ebb4c984811f6e"
      ]
    }
  ],
  "cve-2014-3625": [
    {
      "package_name": "org.springframework.security:spring-security-core",
      "vulnerable_version_range": [
        "Spring Framework 3.0.4 to 3.2.11",
        "Spring Framework 4.0.0 to 4.0.7",
        "Spring Framework 4.1.0 to 4.1.1",
        "Other unsupported versions may also be affected"
      ],
      "description": "Some URLs were not santized correctly before use allowing an attacker to obtain any file on the file system that was also accessible to process in which the Spring web application was running.",
      "mitigation": "Users of affected versions should apply the following mitigation:",
      "references": [
        "https://jira.spring.io/browse/SPR-12354",
        "https://github.com/spring-projects/spring-framework/commit/9beae9ae4226c45cd428035dae81214439324676",
        "https://github.com/spring-projects/spring-framework/commit/9cef8e3001ddd61c734281a7556efd84b6cc2755",
        "https://github.com/spring-projects/spring-framework/commit/3f68cd633f03370d33c2603a6496e81273782601"
      ]
    }
  ],
  "cve-2014-0225": [
    {
      "package_name": "org.springframework.security:spring-security-core",
      "vulnerable_version_range": [
        "Spring MVC 3.0.0 to 3.2.8",
        "Spring MVC 4.0.0 to 4.0.4",
        "Earlier unsupported versions may be affected"
      ],
      "description": "When processing user provided XML documents, the Spring Framework did not disable by default the resolution of URI references in a DTD declaration. This enabled an XXE attack.",
      "mitigation": "Users of affected versions should apply the following mitigation:",
      "references": [
        "https://jira.spring.io/browse/SPR-11768",
        "https://github.com/spring-projects/spring-framework/commit/8e096aeef55287dc829484996c9330cf755891a1",
        "https://github.com/spring-projects/spring-framework/commit/c6503ebbf7c9e21ff022c58706dbac5417b2b5eb"
      ]
    }
  ],
  "cve-2014-0097": [
    {
      "package_name": "org.springframework.security:spring-security-core",
      "vulnerable_version_range": [
        "Spring Security 3.2.0 to 3.2.1",
        "Spring Security 3.1.0 to 3.1.5"
      ],
      "description": "The ActiveDirectoryLdapAuthenticator does not check the password length. If the directory allows anonymous binds then it may incorrectly authenticate a user who supplies an empty password.",
      "mitigation": "Users of affected versions should apply the following mitigation:",
      "references": [
        "https://jira.springsource.org/browse/SEC-2500",
        "https://github.com/spring-projects/spring-security/commit/88559882e967085c47a7e1dcbc4dc32c2c796868",
        "https://github.com/spring-projects/spring-security/commit/7dbb8e777ece8675f3333a1ef1cb4d6b9be80395",
        "https://github.com/spring-projects/spring-security/commit/a7005bd74241ac8e2e7b38ae31bc4b0f641ef973"
      ]
    }
  ],
  "cve-2014-0054": [
    {
      "package_name": "org.springframework.security:spring-security-core",
      "vulnerable_version_range": [
        "Spring MVC 3.0.0 to 3.2.7",
        "Spring MVC 4.0.0 to 4.0.1",
        "Earlier unsupported versions may be affected"
      ],
      "description": "Spring MVC's Jaxb2RootElementHttpMessageConverter also processed user provided XML and neither disabled XML external entities nor provided an option to disable them. Jaxb2RootElementHttpMessageConverter has been modified to provide an option to control the processing of XML external entities and that processing is now disabled by default.",
      "mitigation": "Users of affected versions should apply the following mitigation:",
      "references": [
        "https://jira.springsource.org/browse/SPR-11376",
        "https://github.com/spring-projects/spring-framework/commit/edba32b3093703d5e9ed42b5b8ec23ecc1998398#diff-1f3f1d5cdab9ac92d1ca5ec7def8f131",
        "https://github.com/spring-projects/spring-framework/commit/fb0683c066e74e9667d6cd8c5fa01f674c68c3be#diff-1f3f1d5cdab9ac92d1ca5ec7def8f131"
      ]
    }
  ],
  "cve-2013-7315": [
    {
      "package_name": "org.springframework.security:spring-security-core",
      "vulnerable_version_range": [
        "3.2.0 to 3.2.3",
        "4.0.0.M1-4.0.0.M2 (Spring MVC)",
        "Earlier unsupported versions may be affected"
      ],
      "description": "It was identified that Spring MVC processed user provided XML with JAXB in combination with a StAX XMLInputFactory without disabling external entity resolution. External entity resolution has been disabled in this case. It was subsequently discovered that this fix was incomplete (CVE-2013-6429, CVE-2014-0054).",
      "mitigation": "Users of affected versions should apply the following mitigation:",
      "references": [
        "https://jira.springsource.org/browse/SPR-10806"
      ]
    }
  ],
  "cve-2013-6430": [
    {
      "package_name": "org.springframework.security:spring-security-core",
      "vulnerable_version_range": [
        "Spring MVC 3.0.0 to 3.2.1",
        "Earlier unsupported versions may be affected"
      ],
      "description": "The JavaScriptUtils.javaScriptEscape() method did not escape all characters that are sensitive within either a JS single quoted string, JS double quoted string, or HTML script data context. In most cases this will result in an unexploitable parse error but in some cases it could result in an XSS vulnerability.",
      "mitigation": "Users of affected versions should apply the following mitigation:",
      "references": [
        "https://jira.springsource.org/browse/SPR-9983",
        "https://github.com/spring-projects/spring-framework/commit/7a7df6637478607bef0277bf52a4e0a03e20a248"
      ]
    }
  ]
}